1	Y Combinator	http://ycombinator.com	57	1160418111	15	pg	157234
2	A Student's Guide to Startups	http://www.paulgraham.com/mit.html	16	1160418628	0	phyllis	120
3	Woz Interview: the early days of Apple	http://www.foundersatwork.com/stevewozniak.html	7	1160419233	0	phyllis	120
4	NYC Developer Dilemma	http://avc.blogs.com/a_vc/2006/10/the_nyc_develop.html	5	1160419662	0	onebeerdave	61
5	Google, YouTube acquisition announcement could come tonight	http://www.techcrunch.com/2006/10/09/google-youtube-sign-more-separate-deals/	7	1160419864	0	perler	159
6	Business Intelligence the Inkling Way: cool prediction markets software	http://360techblog.com/2006/10/02/business-intelligence-the-inkling-way/	4	1160420200	0	perler	159
7	Sevin Rosen Unfunds - why?	http://featured.gigaom.com/2006/10/09/sevin-rosen-unfunds-why/	5	1160420455	0	phyllis	120
8	LikeBetter featured by BBC	http://news.bbc.co.uk/2/hi/programmes/click_online/5412216.stm	10	1160421459	0	frobnicate	33
9	weekendr: social network for the weekend	http://www.weekendr.com/	4	1160421542	0	askjigga	16
10	PhotoShow: Broadcast Photos to Cable TV	http://www.techcrunch.com/2006/10/09/broadcast-photos-to-cable-tv/	3	1160421674	0	frobnicate	33
11	Participation Inequality: Encouraging More Users to Contribute	http://www.useit.com/alertbox/participation_inequality.html	5	1160421884	0	frobnicate	33
12	Wired: The Desktop is Dead	http://wired.com/wired/archive/14.10/cloudware.html	5	1160422112	0	farmer	445
13	The Hardest Lessons for Startups to Learn	http://www.paulgraham.com/startuplessons.html	5	1160422572	0	phyllis	120
14	Small is Beautiful: Building a Successful Company with Less Capital	http://blogs.zdnet.com/BTL/?p=3738	4	1160423420	0	pg	157234
16	Feld: Question Regarding NDAs	http://www.feld.com/blog/archives/001979.html	11	1160423503	0	pg	157234
18	Voddler Raises $2.2M For Virtual Cable TV	http://www.thealarmclock.com/euro/archives/2006/10/stockholmnfounded_vo.html	3	1160423746	0	farmer	445
19	Will Silicon Light Illuminate the Future?	http://www.technologyreview.com/read_article.aspx?id=17588&ch=energy	2	1160423943	0	pg	157234
20	Salaries at VC-backed companies	http://avc.blogs.com/a_vc/2006/10/search_by_salar.html	8	1160424038	1	pg	157234
21	Best IRR ever?  YouTube 1.65B...	http://www.techcrunch.com/2006/10/09/google-has-acquired-youtube/	6	1160443271	1	sama	23059
24	MySpace: Not a purely viral start	http://www.startup-review.com/blog/myspace-case-study-not-a-purely-viral-start.php	9	1160452465	0	starklysnarky	23
25	A Story About Not Going IPO During The Bubble	http://www.usatoday.com/money/industries/technology/2004-04-21-sas-culture_x.htm	5	1160458412	0	starklysnarky	23
27	Google Acquires YouTube For $1.6B	http://www.google.com/press/pressrel/google_youtube.html	12	1160489043	0	spez	615
28	google!	http://www.google.com/press/pressrel/google_youtube.html	1	1160490910	-1	spez	615
32	Scratchtop - notepad for the web	http://scratchtop.com	5	1160494980	0	eshear	14
37	Woah, Scrybe! - A new kind of online organiser.	http://marcusfoster.com/blog/2006/10/09/woah-scrybe/	4	1160511234	1	gaborcselle	1145
38	Dot-Com Boom Echoed in Deal to Buy YouTube - New York Times	http://www.nytimes.com/2006/10/10/technology/10deal.html?ex=1318132800&en=d8a82aacfcbbe1ee&ei=5090&partner=rssuserland&emc=rss	3	1160513093	0	farmer	445
39	Competitio.us: track your competitors online	http://www.techcrunch.com/2006/10/04/competitous-track-your-competition-online/	3	1160513750	0	frobnicate	33
40	Scoble: Google web apps &#34;will sneak in the back door&#34;	http://www.cioinsight.com/print_article2/0,1217,a=190067,00.asp	3	1160513941	0	pg	157234
42	An alternative to VC: &#34;Selling In&#34;	http://www.venturebeat.com/contributors/2006/10/10/an-alternative-to-vc-selling-in/	5	1160532601	0	sergei	356
43	Yahoo's Growth Being Eroded by New Rivals - New York Times	http://www.nytimes.com/2006/10/11/technology/11yahoo.html?ex=1318219200&en=538f73d9faa9d263&ei=5090&partner=rssuserland&emc=rss	3	1160577901	1	farmer	445
45	Coghead Goes Live: Build Applications Visually	http://www.techcrunch.com/2006/10/11/coghead-goes-live-build-applications-visually/	5	1160579078	0	perler	159
46	Rentometer: Check How Your Rent Compares to Others in Your Area	http://www.rentometer.com/	4	1160581168	0	goldfish	413
47	Another audience-driven news site that thinks it will win by paying users 	http://business2.blogs.com/business2blog/2006/10/startup_watch_c.html	2	1160603268	0	onebeerdave	61
49	Preezo Enters Online Office Race	http://www.techcrunch.com/2006/10/11/preezo-enters-online-office-race/	4	1160659814	0	pg	157234
50	Boston VCs invest in fewer consumer Internet startups than Silicon Valley firms	http://masshightech.bizjournals.com/masshightech/stories/2006/09/25/story8.html	4	1160661570	0	pg	157234
51	How Much Money Do You Make?	http://www.techcrunch.com/2006/10/12/how-much-money-do-you-make/	3	1160680406	0	phyllis	120
52	Winners and Losers in the Google YouTube deal	http://polls.gigaom.com/2006/10/09/goobed/	2	1160680740	0	onebeerdave	61
53	Top ten geek business myths	http://rondam.blogspot.com/2006/10/top-ten-geek-business-myths.html	7	1160692722	0	gaborcselle	1145
54	The PayPerPost Virus Spreads	http://www.techcrunch.com/2006/10/12/the-payperpost-virus-spreads/	1	1160750722	0	phyllis	120
55	RealTravel Trip Planner: Cut, Paste & Share Travel Tips	http://www.techcrunch.com/2006/10/13/realtravel-trip-planner-cut-paste-share-travel-tips/	2	1160750810	0	perler	159
56	Cyberface: New technology that &#34;captures the soul&#34;	http://www.nytimes.com/2006/10/15/movies/15waxm.html?ex=1318564800&en=e5fbcfe899f7c41d&ei=5090&partner=rssuserland&emc=rss	4	1160840625	0	pg	157234
57	Black triangle: a useful shorthand and metaphor	http://www.rampantgames.com/blog/2004/10/black-triangle.html	12	1160866541	1	adamsmith	2732
58	NYT: How Friendster Blew It	http://www.nytimes.com/2006/10/15/business/yourmoney/15friend.html?ex=1318564800&en=3e9438ed349f7ce7&ei=5090&partner=rssuserland&emc=rss	7	1160952510	0	frobnicate	33
59	NYT on the network of ex-PayPal employees in Silicon Valley	http://www.nytimes.com/2006/10/17/technology/17paypal.html?ex=1318737600&en=6fcef6809e87f6fc&ei=5090&partner=rssuserland&emc=rss	3	1161073953	0	gaborcselle	1145
61	VCs Prefer to Fund Nearby Firms - New York Times	http://www.nytimes.com/2006/10/22/business/yourmoney/22digi.html?ex=1319169600&en=fc0cc8346b8b9382&ei=5090&partner=rssuserland&emc=rss	2	1161541795	0	goldfish	413
62	Productivity Surges During Reddit Downtime	http://rura.org/blog/2006/12/13/productivity-surges-amid-reddit-downtime/	3	1166112730	0	pg	157234
63	From Oxford to Silicon Valley	http://news.bbc.co.uk/2/hi/business/6355289.stm	25	1171852224	2	kul	2343
64	From Oxford to Silicon Valley	http://news.bbc.co.uk/2/hi/business/6355289.stm	6	1171852226	0	pg	157234
65	Y Europe can seed growth of its new stars	http://localglobe.blogspot.com/2007/02/y-europe-can-seed-growth-of-its-new.html	13	1171852700	0	perler	159
66	Adobe gives new flash tools only to Photobucket	http://www.techcrunch.com/2007/02/16/newest-flash-tools-on-display-at-photobucket/	12	1171852951	0	pg	157234
72	New Revenue Stream For Bloggers: TextMark SMS Alerts	http://www.techcrunch.com/2007/02/18/new-revenue-stream-for-bloggers-textmark-sms-alerts/	3	1171855419	0	onebeerdave	61
73	New Revenue Stream For Bloggers: TextMark SMS Alerts	http://www.techcrunch.com/2007/02/18/new-revenue-stream-for-bloggers-textmark-sms-alerts/	1	1171855797	-1	onebeerdave	61
74	Startup School 2007: 3/24 at Stanford	http://startupschool.org/	37	1171857439	0	phyllis	120
75	Learning from Founders	http://www.paulgraham.com/foundersatwork.html	13	1171858040	1	phyllis	120
77	Tech's younger generation leans on Web 2.0 for love	http://www.sfgate.com/cgi-bin/article.cgi?f=/c/a/2007/02/14/MNGEVO4DOV1.DTL&hw=jessica+guynn&sn=001&sc=1000	9	1171858425	2	phyllis	120
78	Alexa's Inaccurate Traffic Stats Become More Detailed	http://mashable.com/2007/02/16/alexas-inaccurate-traffic-stats-become-more-detailed/	8	1171858916	0	matt	167
81	allfreecalls.com shut down by AT&T	http://www.techcrunch.com/2007/02/16/allfreecalls-shut-down/	5	1171869130	0	justin	4713
83	Why Startups Don't Condense in Europe	http://www.gaborcselle.com/blog/2006/12/why-startups-dont-condense-in-europe.html	12	1171878148	0	gaborcselle	1145
84	Sell more of your product by throwing out some of its features?	http://code.inklingmarkets.com/journal/2007/2/16/sell-more-of-your-product-by-throwing-out-some-of-its-features.html	6	1171906562	0	nate	7398
85	Hack your desk to remove the clutter	http://lifehacker.com/software/diy/diy-underdesk-gadget-mount-237789.php	5	1171906738	0	nate	7398
86	Project management alternative to basecamp - ticketing and version control too :)	http://unfuddle.com	10	1171907154	1	adam_inkling	43
87	Project management alternative to basecamp - ticketing and version control too :)	http://unfuddle.com	1	1171907208	-1	adam_inkling	43
88	Project management alternative to basecamp - ticketing and version control too :)	http://unfuddle.com	1	1171907224	-1	adam_inkling	43
89	Win A Copy Of Yojimbo - a pretty good organizer for the Mac.	http://macapper.com/2007/02/19/win-a-copy-of-yojimbo/	2	1171907246	0	nate	7398
90	Where all the cool kids get their icons	http://famfamfam.com	11	1171907435	0	adam_inkling	43
91	SunRocket cofounders up and leave	http://www.washingtonpost.com/wp-dyn/content/article/2007/02/11/AR2007021101198.html?nav=rss_technology	5	1171908063	0	pc	16784
92	Track users' mouse movements on your webpages	http://www.clicktale.com/	10	1171908560	0	greg	397
93	Google's Searchmash adds inline video	http://www.searchmash.com/search/star+wars+kid	6	1171909142	0	pc	16784
94	Premium GMail Coming Soon - $25/yr for 6 Gigs	http://www.chron.com/disp/story.mpl/ap/fn/4552107.html	11	1171909181	0	thecurve	24
95	YouTube: &#34;identifying copyrighted material can't be an automated process.&#34; Startup disagrees.	http://www.iht.com/articles/2007/02/19/business/piracy.php	8	1171909306	0	pc	16784
96	Google's Build Your Campus in 3D Competition	http://googleblog.blogspot.com/2007/01/show-us-your-university-campus-in-3d.html	4	1171909460	0	thecurve	24
97	An Overview of the Five Gazillion Video Startups	http://www.readwriteweb.com/archives/online_video_index.php	11	1171909762	0	emmett	4854
98	25 Most Interesting VoIP Startups	http://www.voip-news.com/feature/25-most-interesting-voip-startups-021207/	6	1171910119	0	farmer	445
99	The Google-Powered Business	http://blog.radioactiveyak.com/2006/07/googleoffice-beta-google-powered.html	5	1171910249	0	pg	157234
74	Startup School 2007: 3/24 at Stanford	http://startupschool.org/	37	1171857439	0	phyllis	120
75	Learning from Founders	http://www.paulgraham.com/foundersatwork.html	13	1171858040	1	phyllis	120
77	Tech's younger generation leans on Web 2.0 for love	http://www.sfgate.com/cgi-bin/article.cgi?f=/c/a/2007/02/14/MNGEVO4DOV1.DTL&hw=jessica+guynn&sn=001&sc=1000	9	1171858425	2	phyllis	120
78	Alexa's Inaccurate Traffic Stats Become More Detailed	http://mashable.com/2007/02/16/alexas-inaccurate-traffic-stats-become-more-detailed/	8	1171858916	0	matt	167
81	allfreecalls.com shut down by AT&T	http://www.techcrunch.com/2007/02/16/allfreecalls-shut-down/	5	1171869130	0	justin	4713
83	Why Startups Don't Condense in Europe	http://www.gaborcselle.com/blog/2006/12/why-startups-dont-condense-in-europe.html	12	1171878148	0	gaborcselle	1145
84	Sell more of your product by throwing out some of its features?	http://code.inklingmarkets.com/journal/2007/2/16/sell-more-of-your-product-by-throwing-out-some-of-its-features.html	6	1171906562	0	nate	7398
85	Hack your desk to remove the clutter	http://lifehacker.com/software/diy/diy-underdesk-gadget-mount-237789.php	5	1171906738	0	nate	7398
86	Project management alternative to basecamp - ticketing and version control too :)	http://unfuddle.com	10	1171907154	1	adam_inkling	43
87	Project management alternative to basecamp - ticketing and version control too :)	http://unfuddle.com	1	1171907208	-1	adam_inkling	43
88	Project management alternative to basecamp - ticketing and version control too :)	http://unfuddle.com	1	1171907224	-1	adam_inkling	43
89	Win A Copy Of Yojimbo - a pretty good organizer for the Mac.	http://macapper.com/2007/02/19/win-a-copy-of-yojimbo/	2	1171907246	0	nate	7398
90	Where all the cool kids get their icons	http://famfamfam.com	11	1171907435	0	adam_inkling	43
91	SunRocket cofounders up and leave	http://www.washingtonpost.com/wp-dyn/content/article/2007/02/11/AR2007021101198.html?nav=rss_technology	5	1171908063	0	pc	16784
92	Track users' mouse movements on your webpages	http://www.clicktale.com/	10	1171908560	0	greg	397
93	Google's Searchmash adds inline video	http://www.searchmash.com/search/star+wars+kid	6	1171909142	0	pc	16784
94	Premium GMail Coming Soon - $25/yr for 6 Gigs	http://www.chron.com/disp/story.mpl/ap/fn/4552107.html	11	1171909181	0	thecurve	24
95	YouTube: &#34;identifying copyrighted material can't be an automated process.&#34; Startup disagrees.	http://www.iht.com/articles/2007/02/19/business/piracy.php	8	1171909306	0	pc	16784
96	Google's Build Your Campus in 3D Competition	http://googleblog.blogspot.com/2007/01/show-us-your-university-campus-in-3d.html	4	1171909460	0	thecurve	24
97	An Overview of the Five Gazillion Video Startups	http://www.readwriteweb.com/archives/online_video_index.php	11	1171909762	0	emmett	4854
98	25 Most Interesting VoIP Startups	http://www.voip-news.com/feature/25-most-interesting-voip-startups-021207/	6	1171910119	0	farmer	445
99	The Google-Powered Business	http://blog.radioactiveyak.com/2006/07/googleoffice-beta-google-powered.html	5	1171910249	0	pg	157234
100	SpikeSource, CA-based startup, becomes Ubuntu commercial support provider for US	http://www.linux-watch.com/news/NS7616991195.html	6	1171910288	0	pc	16784
101	Dutch Sharewire Taking Mobile Content Off Deck	http://www.thealarmclock.com/euro/archives/2007/02/dutch_sharewire_taki.html#Permalink	4	1171910449	0	pg	157234
102	Screencast of DabbleDB -- web-based DBMS coded in Smalltalk	http://dabbledb.com/explore/7minutedemo/	19	1171910589	3	pc	16784
103	Google acquires advertising startup	http://www.techcrunch.com/2007/02/16/google-to-buy-adscape-for-23-million/	6	1171910848	0	emmett	4854
104	Founders: The involved vs. the committed	http://onstartups.com/home/tabid/3339/bid/1204/Startup-Founders-The-Involved-vs-The-Committed.aspx	22	1171911062	3	farmer	445
105	new fantasy movie league startup	http://www.techcrunch.com/2007/02/16/amazon-funds-fantasy-movies-league/	4	1171913622	0	justin	4713
106	teqlo: yahoo pipes competitor allows you to make your own apps online	http://mashable.com/2007/02/18/teqlo/	9	1171913764	0	justin	4713
107	How much control should our users have?	http://headrush.typepad.com/creating_passionate_users/2007/02/how_much_contro.html	5	1171914587	1	gautam	21
108	Social-Networking Sites Open Up	http://www.businessweek.com/technology/content/feb2007/tc20070213_172619.htm	9	1171914841	0	casey	130
109	Do YOU have the balls to try? Part I	http://james.hotornot.com/2007/01/do-you-have-balls-to-try-part-i.html	19	1171915400	2	matt	167
110	On Having Balls, Part II: Staying Hungry	http://james.hotornot.com/2007/02/on-having-balls-part-ii-staying-hungry.html	67	1171915467	1	matt	167
111	Add a little more random to your product	http://headrush.typepad.com/creating_passionate_users/2007/01/add_a_little_mo.html	9	1171915603	0	matt	167
112	unusual business: multiethnic wedding cake figurines	http://uncommonbusiness.blogspot.com/2007/02/wacky-business-idea-multiethnic-wedding.html	3	1171915961	0	eric	29
113	 Isolating Causality: Bad Market or Bad Company	http://willprice.blogspot.com/2007/02/isolating-causality-bad-market-or-bad.html	3	1171916170	0	casey	130
114	startup lessons for 2007	http://www.readwriteweb.com/archives/6_startup_lessons_2007.php	10	1171916173	0	eric	29
115	maps mashups just got easier: GeoKit	http://weblog.rubyonrails.org/2007/2/16/google-maps-with-rails-and-ajax	4	1171916725	0	eric	29
116	What's good for users is what is good for the business... who knew? 	http://headrush.typepad.com/creating_passionate_users/2007/02/test.html	6	1171916811	0	mwseibel	2157
117	The 10/20/30 Rule of PowerPoint	http://blog.guykawasaki.com/2005/12/the_102030_rule.html	6	1171917763	0	mwseibel	2157
118	Presenting to VCs	http://blog.guykawasaki.com/2005/12/the_102030_rule.html	4	1171917775	0	mwseibel	2157
119	The Web 2.0 Video	http://battellemedia.com/archives/003342.php	5	1171918303	0	mwseibel	2157
120	Finally mobile flash video	http://www.mercurynews.com/mld/mercurynews/16680147.htm	7	1171918535	0	mwseibel	2157
121	Hard disc test surprises Google	http://news.bbc.co.uk/2/hi/technology/6376021.stm	24	1171922740	7	pg	157234
122	Seven steps to remarkable customer service	http://www.joelonsoftware.com/articles/customerservice.html	83	1171923576	8	beau	424
123	Design Quotations: &#34;And if in fact you do know the exact cost and the exact schedule, chances are that the technology is obsolete.&#34;	http://design.caltech.edu/erik/Misc/design_quotes.html	8	1171923673	0	beau	424
124	Startup news link submission site.	http://news.ycombinator.com/	58	1171925046	19	herdrick	2695
126	Make a claim with OpenID on Jyte	http://www.techcrunch.com/2007/02/19/make-a-claim-with-openid-on-jyte/	2	1171927936	0	farmer	445
128	User Interface Design For Programmers	http://www.joelonsoftware.com/uibook/fog0000000249.html	15	1171930631	0	danny	16
129	Snipshot &#34;the best&#34; online photo editor	http://pulse2.com/2007/02/19/snipshot-steals-online-photo-pic-a-nik-baskets/	21	1171931901	3	perler	159
131	Start up doing what? That's right, we really don't know.	http://blog.pretheory.com/arch/000398.php	18	1171938085	5	wastedbrains	785
134	 Adding Idempotent Event Handling to your Javascript Toolkit	http://bosky101.blogspot.com/2007/02/adding-idempotent-event-handling-to.html	3	1171943778	0	bosky101	736
135	The Startup Blog : The Next Wave of Education - Grooming Entrepreneur...	http://thestartupblog.blogspot.com/2006/03/next-wave-of-education-grooming.html	2	1171943887	0	bosky101	736
137	NYT on Meraki Mesh Network Startup	http://www.hendersonvillenews.com/apps/pbcs.dll/article?AID=/20070204/ZNYT01/702040375/1170/BUSINESS	3	1171949018	0	xyzzy	19
138	Web2.0 Deals and Finance 	http://bankys.com/	1	1171950107	0	tuber	3
140	Shopping sites BrowseGoods and BlackDogAir: Visualizations of product relationships.	http://www.techcrunch.com/2007/02/19/browsegoods-blackdogair-2-new-ways-to-view-shopping/	2	1171952379	0	herdrick	2695
146	A look at eight multi-person SMS services	http://www.techcrunch.com/2006/09/27/a-look-at-eight-multi-person-sms-services/	1	1171956809	0	herdrick	2695
147	Best gossip social site on the web	http://teenwag.com	2	1171957849	-1	google	2
148	Cutest pups, cats, babies - hotornot for babies, pups, 	http://www.morecute.com	3	1171957969	-1	cuteoverload	-1
153	Real celebs join Social networks driving huge teen audience to Teen social networking startup 	http://www.teenwag.com/profile?friendid=326	3	1171958428	-1	rockstar	2
158	Gossip search engine Teenwag launches competing with Clusty, Technorati and google!	http://www.teenwag.com/search?q=&btn=Search	2	1171959594	-1	rockstar	2
159	Powerset power hype	http://www.teenwag.com/search?q=britney	2	1171959618	-1	rockstar	2
160	Did Paul graham really use Arc to make News or is it CLISP?	http://lisp.teenwag.com	2	1171959685	-1	rockstar	2
162	What happens when you let kevin Federline do you inside out Britney is mad and bald	http://teenwag.com/search?q=britney	2	1171962470	-1	jessica	1
163	How to market to smart people (2007)	http://codesynthesis.com/~boris/blog/2007/01/30/how-to-market-to-smart-people/	12	1171962633	0	boris	1024
167	The original news.ycombinator.com -- VC News Central :P	http://www.vcnewscentral.com/	1	1171967806	0	nickhac	7
168	Web 2.0 is a bubble for 3 reasons	http://online.wsj.com/public/article/SB116679843912957776-fF7CtrdMDTE4n1h5Ju5pv0HKhgM_20071227.html	16	1171969275	2	xyzzy	19
170	Hot celebrities and gossip	http://web2.teenwag.com	1	1171969600	-1	google	2
172	DeepsList - finding trusted tradesmen	http://deepslist.com	1	1171972001	-1	kenshi	866
173	DeepsList - finding trusted tradesmen	http://deepslist.com	1	1171972098	0	kenshi	866
146	A look at eight multi-person SMS services	http://www.techcrunch.com/2006/09/27/a-look-at-eight-multi-person-sms-services/	1	1171956809	0	herdrick	2695
147	Best gossip social site on the web	http://teenwag.com	2	1171957849	-1	google	2
148	Cutest pups, cats, babies - hotornot for babies, pups, 	http://www.morecute.com	3	1171957969	-1	cuteoverload	-1
153	Real celebs join Social networks driving huge teen audience to Teen social networking startup 	http://www.teenwag.com/profile?friendid=326	3	1171958428	-1	rockstar	2
158	Gossip search engine Teenwag launches competing with Clusty, Technorati and google!	http://www.teenwag.com/search?q=&btn=Search	2	1171959594	-1	rockstar	2
159	Powerset power hype	http://www.teenwag.com/search?q=britney	2	1171959618	-1	rockstar	2
160	Did Paul graham really use Arc to make News or is it CLISP?	http://lisp.teenwag.com	2	1171959685	-1	rockstar	2
162	What happens when you let kevin Federline do you inside out Britney is mad and bald	http://teenwag.com/search?q=britney	2	1171962470	-1	jessica	1
163	How to market to smart people (2007)	http://codesynthesis.com/~boris/blog/2007/01/30/how-to-market-to-smart-people/	12	1171962633	0	boris	1024
167	The original news.ycombinator.com -- VC News Central :P	http://www.vcnewscentral.com/	1	1171967806	0	nickhac	7
168	Web 2.0 is a bubble for 3 reasons	http://online.wsj.com/public/article/SB116679843912957776-fF7CtrdMDTE4n1h5Ju5pv0HKhgM_20071227.html	16	1171969275	2	xyzzy	19
170	Hot celebrities and gossip	http://web2.teenwag.com	1	1171969600	-1	google	2
172	DeepsList - finding trusted tradesmen	http://deepslist.com	1	1171972001	-1	kenshi	866
173	DeepsList - finding trusted tradesmen	http://deepslist.com	1	1171972098	0	kenshi	866
178	Odeo up for sale	http://blog.obvious.com/2007/02/looking-for-odeos-new-home.html	24	1171987341	2	beau	424
179	DUPLICATE, vote up beau's instead	http://blog.obvious.com/2007/02/looking-for-odeos-new-home.html	1	1171989869	-1	casey	130
180	The Idiot Startup (like the The Daily WTF, but for entrepreneurs rather than programmers)	http://idiotstartup.com/	7	1171989986	0	BioGeek	808
181	A Lesson on Elementary Worldly Wisdom	http://ycombinator.com/munger.html	7	1171990618	0	byrneseyeview	11227
183	Why software sucks	http://www.scottberkun.com/essays/essay46.htm	3	1171994013	0	__	1113
184	Fixing Venture Capital	http://www.joelonsoftware.com/articles/VC.html	4	1171994158	0	__	1113
185	Richard Feynman and The Connection Machine	http://www.kurzweilai.net/articles/art0504.html?printable=1	11	1171994423	0	__	1113
186	Entrepreneurship In Europe 	http://www.ventureblog.com/articles/indiv/2006/001250.html	5	1171994870	1	BioGeek	808
189	Why we made this site	http://ycombinator.com/announcingnews.html	166	1172007157	58	pg	157234
190	Interview with Michael Wesch (Web 2.0 video maker)	http://battellemedia.com/archives/003386.php	2	1172007403	0	farmer	445
191	BBC News: The mash-up future of the web	http://news.bbc.co.uk/1/hi/technology/6375525.stm	4	1172007513	0	perler	159
192	MindMeister: new web-based collaboration startup	http://www.mindmeister.com/	4	1172009797	0	farmer	445
193	GWT app that is a url tracker, feed reader, and social network -- thus giving you personalized news with url tracking	http://forwardingtree.com	3	1172010251	0	amichail	12415
201	A startup's view on being imitated/copied/plagiarized  	http://blog.pairwise.com/2007/02/19/on-being-stalked-by-a-fellow-startup-an-open-letter-to-morecutecom/	7	1172013022	0	solfox	3056
202	A real Silicon Valley garage startup	http://scobleizer.com/2007/02/20/a-real-silicon-valley-garage-startup/	2	1172013337	0	damien	435
203	Startup Hopes to Create Online Marketplace for Open Parking Spaces	http://www.stickyminds.com/news.asp?Function=NEWSDETAIL&ObjectType=NEWS&ObjectId=12014	4	1172013543	0	damien	435
204	Union Square Ventures funds Adaptive Blue	http://www.techcrunch.com/2007/02/20/union-square-ventures-funds-adaptive-blue/	5	1172014142	0	onebeerdave	61
212	12 crackpot tech ideas that could transform the enterprise	http://www.infoworld.com/archives/emailPrint.jsp?R=printThis&A=/article/07/02/19/08FEcrackpot_1.html	1	1172015734	1	bradn	80
213	How Jobs played hardball in iPhone birth (WSJ)	http://online.wsj.com/public/article/SB117168001288511981-euxzmjNFZTZhA_2z8OBtD6GK900_20070224.html?mod=blogs	7	1172015860	0	bradn	80
214	Getting right with Usability Jesus	http://www.obsceneart.com/blog/?p=12	3	1172015938	0	SwellJoe	32714
215	Rumor: Confabb To Be Acquired By End Of Month	http://www.techcrunch.com/2007/02/20/rumor-confabb-to-be-acquired-by-end-of-month/	1	1172016013	0	phyllis	120
217	Is this really web10 again useless sites and more useless information really who reads these sites?	http://paulgraham.teenwag.com	2	1172016688	-1	trever	2
218	Is this really web10 again useless sites and more useless information really who reads these sites?	http://paulgraham.teenwag.com	1	1172016937	-1	trever	2
219	Is this really web10 again useless sites and more useless information really who reads these sites?	http://paulgraham.teenwag.com	1	1172016948	-1	trever	2
220	Is this really web10 again useless sites and more useless information really who reads these sites?	http://paulgraham.teenwag.com	1	1172017167	-1	trever	2
221	Is lesser number of results better for Search - First search engine powered by PowerSET	http://teenwag.com/search?q=Anna+Nicole	1	1172017265	-1	trever	2
222	Polls and hotornot interesting mashup	http://teenwag.com/poll?n=91	1	1172017388	-1	jameshong	1
223	HotorNOT redefined - No login required vote to your hearts content	http://morecute.com	1	1172017428	-1	jameshong	1
225	Click on the lady who looks better.. so hot and HOtorNOT no login required	http://morecute.com/?channel=46	1	1172017497	-1	jameshong	1
226	Funny YC didnt gzip their Content ;) so much for Arc	http://leknor.com/code/gziped.php?url=http%3A%2F%2Fnews.ycombinator.com	1	1172018623	-1	jameshong	1
227	I Dropped Out of Grad School Today	http://octopart.com/html/blog.html	92	1172018845	49	sam	965
228	Does Sergey Brin read YCombinator and Paul Graham?	http://www.teenwag.com/poll?n=863	1	1172019205	-1	jameshong	1
229	Easy way to test EVERYTHING in your Rails app	http://habtm.com/articles/2007/2/21/the-fabulous-spider-fuzz-plugin	2	1172019970	0	nate	7398
233	Going mobile with web-based apps	http://www.obsceneart.com/blog/?p=19	2	1172024387	0	SwellJoe	32714
234	The Limits of Genius: Long-Term Capital Management	http://en.wikipedia.org/wiki/Long-Term_Capital_Management	2	1172024546	0	Elfan	312
235	Hard Drive Myths: The Best Paper of FAST 2007 (won over the Google one)	http://www.usenix.org/events/fast07/tech/schroeder/schroeder_html/index.html	2	1172025156	1	Elfan	312
237	Scriggle-it: the ultimate fan management solution for any musician	http://www.scriggleit.com/	10	1172026630	7	joe	175
243	Why Good Strategies Fail	http://alwayson.goingon.com/permalink/post/9894	4	1172029523	0	nostrademons	76448
201	A startup's view on being imitated/copied/plagiarized  	http://blog.pairwise.com/2007/02/19/on-being-stalked-by-a-fellow-startup-an-open-letter-to-morecutecom/	7	1172013022	0	solfox	3056
202	A real Silicon Valley garage startup	http://scobleizer.com/2007/02/20/a-real-silicon-valley-garage-startup/	2	1172013337	0	damien	435
203	Startup Hopes to Create Online Marketplace for Open Parking Spaces	http://www.stickyminds.com/news.asp?Function=NEWSDETAIL&ObjectType=NEWS&ObjectId=12014	4	1172013543	0	damien	435
204	Union Square Ventures funds Adaptive Blue	http://www.techcrunch.com/2007/02/20/union-square-ventures-funds-adaptive-blue/	5	1172014142	0	onebeerdave	61
212	12 crackpot tech ideas that could transform the enterprise	http://www.infoworld.com/archives/emailPrint.jsp?R=printThis&A=/article/07/02/19/08FEcrackpot_1.html	1	1172015734	1	bradn	80
213	How Jobs played hardball in iPhone birth (WSJ)	http://online.wsj.com/public/article/SB117168001288511981-euxzmjNFZTZhA_2z8OBtD6GK900_20070224.html?mod=blogs	7	1172015860	0	bradn	80
214	Getting right with Usability Jesus	http://www.obsceneart.com/blog/?p=12	3	1172015938	0	SwellJoe	32714
215	Rumor: Confabb To Be Acquired By End Of Month	http://www.techcrunch.com/2007/02/20/rumor-confabb-to-be-acquired-by-end-of-month/	1	1172016013	0	phyllis	120
217	Is this really web10 again useless sites and more useless information really who reads these sites?	http://paulgraham.teenwag.com	2	1172016688	-1	trever	2
218	Is this really web10 again useless sites and more useless information really who reads these sites?	http://paulgraham.teenwag.com	1	1172016937	-1	trever	2
219	Is this really web10 again useless sites and more useless information really who reads these sites?	http://paulgraham.teenwag.com	1	1172016948	-1	trever	2
220	Is this really web10 again useless sites and more useless information really who reads these sites?	http://paulgraham.teenwag.com	1	1172017167	-1	trever	2
221	Is lesser number of results better for Search - First search engine powered by PowerSET	http://teenwag.com/search?q=Anna+Nicole	1	1172017265	-1	trever	2
222	Polls and hotornot interesting mashup	http://teenwag.com/poll?n=91	1	1172017388	-1	jameshong	1
223	HotorNOT redefined - No login required vote to your hearts content	http://morecute.com	1	1172017428	-1	jameshong	1
225	Click on the lady who looks better.. so hot and HOtorNOT no login required	http://morecute.com/?channel=46	1	1172017497	-1	jameshong	1
226	Funny YC didnt gzip their Content ;) so much for Arc	http://leknor.com/code/gziped.php?url=http%3A%2F%2Fnews.ycombinator.com	1	1172018623	-1	jameshong	1
227	I Dropped Out of Grad School Today	http://octopart.com/html/blog.html	92	1172018845	49	sam	965
228	Does Sergey Brin read YCombinator and Paul Graham?	http://www.teenwag.com/poll?n=863	1	1172019205	-1	jameshong	1
229	Easy way to test EVERYTHING in your Rails app	http://habtm.com/articles/2007/2/21/the-fabulous-spider-fuzz-plugin	2	1172019970	0	nate	7398
233	Going mobile with web-based apps	http://www.obsceneart.com/blog/?p=19	2	1172024387	0	SwellJoe	32714
234	The Limits of Genius: Long-Term Capital Management	http://en.wikipedia.org/wiki/Long-Term_Capital_Management	2	1172024546	0	Elfan	312
235	Hard Drive Myths: The Best Paper of FAST 2007 (won over the Google one)	http://www.usenix.org/events/fast07/tech/schroeder/schroeder_html/index.html	2	1172025156	1	Elfan	312
237	Scriggle-it: the ultimate fan management solution for any musician	http://www.scriggleit.com/	10	1172026630	7	joe	175
243	Why Good Strategies Fail	http://alwayson.goingon.com/permalink/post/9894	4	1172029523	0	nostrademons	76448
246	underscore_consulting on building a successful Web 2.0 startup [video]	http://notabug.com/w2/	3	1172032274	0	Zak	12399
248	_	http://alwayson.goingon.com/permalink/post/9894	1	1172034473	1	akkartik	13071
252	bullshit/business_plan == INF	http://idiotstartup.com/three-vcs-already-are-interested-in-meeting-with-us	3	1172035452	0	motoko	919
254	Web2.0 HOW-TO design style guide	http://www.webdesignfromscratch.com/web-2.0-design-style-guide.cfm	17	1172037232	1	ashu	1243
257	How and Why AJAX, Not Java, Became the Favored Technology for RIAs	http://ajaxworldmagazine.com/read/333329.htm	12	1172038130	5	ashu	1243
260	Archive of Google Papers. Interesting, but technical.	http://labs.google.com/papers.html	4	1172039302	0	whatsreal	105
261	Husband and Wife bootstrapped startup	http://www.centernetworks.com/interview-with-richard-allinson-tinbag	4	1172039388	0	ratlaw	6
262	Apache Performance Tuning Tips	http://arctic.org/~dean/apache/perf.html	7	1172039414	0	rtm	195
263	SF Beta	http://sfbeta.com/	5	1172039836	0	brett	3182
264	The Game is Afoot - Classic from Eric Sink	http://software.ericsink.com/articles/Game_Afoot.html	3	1172042054	0	wicked	15
266	Startup.com - the movie	http://www.torrentportal.com/download/602197/Startup.com+%282001%2C+Fullscreen%29+%2B+Extras.torrent	11	1172042675	7	Nick_Smith	55
272	Digg to support OpenID	http://gigaom.com/2007/02/20/digg-to-support-openid/	2	1172045441	0	andres	1546
273	20 ways to Secure your Apache Configuration	http://www.petefreitag.com/item/505.cfm	4	1172045523	0	andres	1546
274	Attack of the mini-Googles!	http://money.cnn.com/magazines/business2/business2_archive/2006/12/01/8394989/index.htm?postversion=2007011206	2	1172045656	0	andres	1546
275	And There Goes The First Month	http://mealticket.wordpress.com/2007/02/06/and-there-goes-the-first-month/	2	1172047224	-1	Harj	5315
276	Ten rules for web startups	http://evhead.com/2005/11/ten-rules-for-web-startups.asp	34	1172047319	0	kul	2343
277	And There Goes The First Month	http://mealticket.wordpress.com/2007/02/06/and-there-goes-the-first-month/	1	1172047347	-1	Harj	5315
278	And There Goes The First Month	http://mealticket.wordpress.com/2007/02/06/and-there-goes-the-first-month/	14	1172047508	4	Harj	5315
279	Log on, drop out, cash in	http://www.sfgate.com/cgi-bin/article.cgi?f=/c/a/2006/12/03/BUGTFMNO261.DTL	14	1172047541	3	Harj	5315
280	Marketplace wanted for websites	http://evhead.com/2007/02/marketplace-wanted-web-site-for-sale.asp	3	1172047729	0	kul	2343
281	Feature Bloat: The Product Manager's Dilemma	http://hbswk.hbs.edu/archive/5325.html	2	1172047875	0	kul	2343
283	Hints for proposing deals . . . (or, &#34;My word, this inbox is a mess&#34;)	http://www.whatisleft.org/lookie_here/2005/09/want_to_do_busi.html	11	1172047883	0	Harj	5315
284	Hints for proposing deals . . . (or, &#34;My word, this inbox is a mess&#34;)	http://www.whatisleft.org/lookie_here/2005/09/want_to_do_busi.html	1	1172048008	-1	Harj	5315
286	How to Interview a Programmer	http://www.artima.com/wbc/interprog.html	12	1172048671	1	rtm	195
288	Rocky climb for mobile IM	http://www.zdnetasia.com/insight/communications/0,39044835,61975097,00.htm	6	1172049218	0	gustaf	903
290	VoIM interop startup: lets you make free calls between Yahoo, MSN, GTalk and SIP	http://www.gtalk2voip.com/	6	1172051482	1	ruslan	403
294	O'Reilly 2003 classic: &#34;Piracy is Progressive Taxation&#34;	http://www.openp2p.com/pub/a/p2p/2002/12/11/piracy.html	3	1172055499	0	phil	1874
295	Where is the Freshbooks of Accounting?	http://feeds.feedburner.com/~r/InfectiousGreed/~3/93089844/where_is_the_fr.html	3	1172055958	0	phil	1874
252	bullshit/business_plan == INF	http://idiotstartup.com/three-vcs-already-are-interested-in-meeting-with-us	3	1172035452	0	motoko	919
254	Web2.0 HOW-TO design style guide	http://www.webdesignfromscratch.com/web-2.0-design-style-guide.cfm	17	1172037232	1	ashu	1243
257	How and Why AJAX, Not Java, Became the Favored Technology for RIAs	http://ajaxworldmagazine.com/read/333329.htm	12	1172038130	5	ashu	1243
260	Archive of Google Papers. Interesting, but technical.	http://labs.google.com/papers.html	4	1172039302	0	whatsreal	105
261	Husband and Wife bootstrapped startup	http://www.centernetworks.com/interview-with-richard-allinson-tinbag	4	1172039388	0	ratlaw	6
262	Apache Performance Tuning Tips	http://arctic.org/~dean/apache/perf.html	7	1172039414	0	rtm	195
263	SF Beta	http://sfbeta.com/	5	1172039836	0	brett	3182
264	The Game is Afoot - Classic from Eric Sink	http://software.ericsink.com/articles/Game_Afoot.html	3	1172042054	0	wicked	15
266	Startup.com - the movie	http://www.torrentportal.com/download/602197/Startup.com+%282001%2C+Fullscreen%29+%2B+Extras.torrent	11	1172042675	7	Nick_Smith	55
272	Digg to support OpenID	http://gigaom.com/2007/02/20/digg-to-support-openid/	2	1172045441	0	andres	1546
273	20 ways to Secure your Apache Configuration	http://www.petefreitag.com/item/505.cfm	4	1172045523	0	andres	1546
274	Attack of the mini-Googles!	http://money.cnn.com/magazines/business2/business2_archive/2006/12/01/8394989/index.htm?postversion=2007011206	2	1172045656	0	andres	1546
275	And There Goes The First Month	http://mealticket.wordpress.com/2007/02/06/and-there-goes-the-first-month/	2	1172047224	-1	Harj	5315
276	Ten rules for web startups	http://evhead.com/2005/11/ten-rules-for-web-startups.asp	34	1172047319	0	kul	2343
277	And There Goes The First Month	http://mealticket.wordpress.com/2007/02/06/and-there-goes-the-first-month/	1	1172047347	-1	Harj	5315
278	And There Goes The First Month	http://mealticket.wordpress.com/2007/02/06/and-there-goes-the-first-month/	14	1172047508	4	Harj	5315
279	Log on, drop out, cash in	http://www.sfgate.com/cgi-bin/article.cgi?f=/c/a/2006/12/03/BUGTFMNO261.DTL	14	1172047541	3	Harj	5315
280	Marketplace wanted for websites	http://evhead.com/2007/02/marketplace-wanted-web-site-for-sale.asp	3	1172047729	0	kul	2343
281	Feature Bloat: The Product Manager's Dilemma	http://hbswk.hbs.edu/archive/5325.html	2	1172047875	0	kul	2343
283	Hints for proposing deals . . . (or, &#34;My word, this inbox is a mess&#34;)	http://www.whatisleft.org/lookie_here/2005/09/want_to_do_busi.html	11	1172047883	0	Harj	5315
284	Hints for proposing deals . . . (or, &#34;My word, this inbox is a mess&#34;)	http://www.whatisleft.org/lookie_here/2005/09/want_to_do_busi.html	1	1172048008	-1	Harj	5315
286	How to Interview a Programmer	http://www.artima.com/wbc/interprog.html	12	1172048671	1	rtm	195
288	Rocky climb for mobile IM	http://www.zdnetasia.com/insight/communications/0,39044835,61975097,00.htm	6	1172049218	0	gustaf	903
290	VoIM interop startup: lets you make free calls between Yahoo, MSN, GTalk and SIP	http://www.gtalk2voip.com/	6	1172051482	1	ruslan	403
294	O'Reilly 2003 classic: &#34;Piracy is Progressive Taxation&#34;	http://www.openp2p.com/pub/a/p2p/2002/12/11/piracy.html	3	1172055499	0	phil	1874
295	Where is the Freshbooks of Accounting?	http://feeds.feedburner.com/~r/InfectiousGreed/~3/93089844/where_is_the_fr.html	3	1172055958	0	phil	1874
297	Facebook's little digital gift	http://www.zephoria.org/thoughts/archives/2007/02/13/facebooks_littl.html	2	1172056222	0	phil	1874
298	Three Hypotheses of Human Interface Design	http://tantek.com/log/2007/02.html	7	1172058069	0	phil	1874
301	Georgia Business Launch 2007--$100k cash prize for winning startup business	http://www.tagonline.org/Events_GRA-TAG-Business-Launch.php	2	1172061212	1	mattculbreth	2301
302	The Fall of Modernity	http://www.amconmag.com/2007/2007_02_12/feature.html	1	1172061236	0	Maxcactus	2
304	Freeze 'condemned Neanderthals'	http://news.bbc.co.uk/2/hi/science/nature/6341987.stm	2	1172061792	0	Maxcactus	2
305	List of Venture Capitalist Blogs	http://seekingalpha.com/article/3071	6	1172061978	0	mattculbreth	2301
306	dot.com vs web 2.0	http://www.seanwise.com/2006/12/dotcom_vs_web_2.html	2	1172062988	0	chris	63
310	Acorn - Develop your ideas online	http://www.managemyideas.com/	2	1172066673	1	dcancel	1018
311	Quick way to recommend links to friends	http://bzzster.com/	3	1172066736	0	dcancel	1018
313	Finding your Inner Entrepreneur	http://sharpshoot.blogspot.com/2006/08/finding-your-inner-entrepreneur-what_06.html	3	1172068189	0	sharpshoot	2253
314	hiring good hackers - joel on software	http://www.joelonsoftware.com/articles/GuerrillaInterviewing3.html	6	1172068286	0	sharpshoot	2253
315	Cross train your brain - secrets of greatness	http://money.cnn.com/magazines/fortune/fortune_archive/2006/10/30/8391729/index.htm	2	1172068608	0	sharpshoot	2253
316	Start up review - case studies of succesful internet startups	http://www.startup-review.com/blog/index.php	15	1172068837	5	sharpshoot	2253
317	Startupping - a community for Internet entrepreneurs	http://www.startupping.com/	28	1172069180	4	BioGeek	808
329	Scaling web apps (sets of slides by Flickr architect)	http://www.iamcal.com/talks/	14	1172074770	3	manuel	17
335	How to compete with your customers	http://onstartups.com/home/tabid/3339/bid/1096/Startups-How-To-Compete-With-Your-Customers.aspx	4	1172076194	0	vikram	297
336	Klipboardz Blog - Bringing social media to IPTV	http://www.klipboardz.com/klipz/comments/1457	2	1172076527	0	Readmore	1483
337	The Best and Worst Decisions of Founders	http://www.startupping.com/2007/02/20/best-and-worst-decisions-part-1/	6	1172076788	0	noahlt	1798
338	seven habits of highly effective programmers	http://www.technicat.com/writing/programming.html	2	1172077760	0	sharpshoot	2253
339	VC Valuations Are On The Rise	http://onstartups.com/home/tabid/3339/bid/1215/VC-Valuations-Are-On-The-Rise-Is-Your-Startup-Worth-More.aspx	7	1172078246	1	brett	3182
340	" 	
SeekSift Tracks Syndicated Content"	http://www.rev2.org/2006/10/19/seeksift-tracks-syndicated-content/	2	1172078612	1	dpapathanasiou	5218
343	Tech IPOs Are Coming Back	http://money.cnn.com/magazines/business2/business2_archive/2007/03/01/8401021/index.htm	3	1172079860	0	danny	16
345	2007, the year of the tech IPO?	http://gigaom.com/2007/02/21/tech-ipo-2007-candidates/	3	1172080123	0	onebeerdave	61
347	Mozes SMS Service Raises $5m	http://www.techcrunch.com/2007/02/21/mozes-sms-service-raises-5m/	2	1172080308	1	perler	159
301	Georgia Business Launch 2007--$100k cash prize for winning startup business	http://www.tagonline.org/Events_GRA-TAG-Business-Launch.php	2	1172061212	1	mattculbreth	2301
302	The Fall of Modernity	http://www.amconmag.com/2007/2007_02_12/feature.html	1	1172061236	0	Maxcactus	2
304	Freeze 'condemned Neanderthals'	http://news.bbc.co.uk/2/hi/science/nature/6341987.stm	2	1172061792	0	Maxcactus	2
305	List of Venture Capitalist Blogs	http://seekingalpha.com/article/3071	6	1172061978	0	mattculbreth	2301
306	dot.com vs web 2.0	http://www.seanwise.com/2006/12/dotcom_vs_web_2.html	2	1172062988	0	chris	63
310	Acorn - Develop your ideas online	http://www.managemyideas.com/	2	1172066673	1	dcancel	1018
311	Quick way to recommend links to friends	http://bzzster.com/	3	1172066736	0	dcancel	1018
313	Finding your Inner Entrepreneur	http://sharpshoot.blogspot.com/2006/08/finding-your-inner-entrepreneur-what_06.html	3	1172068189	0	sharpshoot	2253
314	hiring good hackers - joel on software	http://www.joelonsoftware.com/articles/GuerrillaInterviewing3.html	6	1172068286	0	sharpshoot	2253
315	Cross train your brain - secrets of greatness	http://money.cnn.com/magazines/fortune/fortune_archive/2006/10/30/8391729/index.htm	2	1172068608	0	sharpshoot	2253
316	Start up review - case studies of succesful internet startups	http://www.startup-review.com/blog/index.php	15	1172068837	5	sharpshoot	2253
317	Startupping - a community for Internet entrepreneurs	http://www.startupping.com/	28	1172069180	4	BioGeek	808
329	Scaling web apps (sets of slides by Flickr architect)	http://www.iamcal.com/talks/	14	1172074770	3	manuel	17
335	How to compete with your customers	http://onstartups.com/home/tabid/3339/bid/1096/Startups-How-To-Compete-With-Your-Customers.aspx	4	1172076194	0	vikram	297
336	Klipboardz Blog - Bringing social media to IPTV	http://www.klipboardz.com/klipz/comments/1457	2	1172076527	0	Readmore	1483
337	The Best and Worst Decisions of Founders	http://www.startupping.com/2007/02/20/best-and-worst-decisions-part-1/	6	1172076788	0	noahlt	1798
338	seven habits of highly effective programmers	http://www.technicat.com/writing/programming.html	2	1172077760	0	sharpshoot	2253
339	VC Valuations Are On The Rise	http://onstartups.com/home/tabid/3339/bid/1215/VC-Valuations-Are-On-The-Rise-Is-Your-Startup-Worth-More.aspx	7	1172078246	1	brett	3182
340	" 	
SeekSift Tracks Syndicated Content"	http://www.rev2.org/2006/10/19/seeksift-tracks-syndicated-content/	2	1172078612	1	dpapathanasiou	5218
343	Tech IPOs Are Coming Back	http://money.cnn.com/magazines/business2/business2_archive/2007/03/01/8401021/index.htm	3	1172079860	0	danny	16
345	2007, the year of the tech IPO?	http://gigaom.com/2007/02/21/tech-ipo-2007-candidates/	3	1172080123	0	onebeerdave	61
347	Mozes SMS Service Raises $5m	http://www.techcrunch.com/2007/02/21/mozes-sms-service-raises-5m/	2	1172080308	1	perler	159
349	NHL disables Youtube clip embeds	http://valleywag.com/tech/youtube/nhl-disables-youtube-clip-embeds-238419.php	2	1172080758	0	phyllis	120
350	Second Life headed for currency collapse?	http://valleywag.com/tech/second-life/second-life-headed-for-currency-collapse-238391.php	3	1172080796	0	phyllis	120
352	VC valuations on the rise	http://onstartups.com/home/tabid/3339/bid/1215/VC-Valuations-Are-On-The-Rise-Is-Your-Startup-Worth-More.aspx	3	1172083157	-1	eric	29
354	HOWTO: Build a bulletproof startup	http://money.cnn.com/magazines/business2/startups/index.html	2	1172083763	0	naish	5899
355	What we learned building Slideshare (Scalable Web Architectures (w/ Ruby and Amazon S3))	http://www.slideshare.net/jboutelle/scalable-web-architectures-w-ruby-and-amazon-s3	8	1172083791	0	aditya	7523
356	HOWTO: Form a company (detailed outline of process)	http://www.startupventuretoolbox.com/Process%20of%20Forming%20a%20Company.htm#Stage%204:%20Pullout%20from%20Employer	1	1172084042	1	naish	5899
359	Start Valuations on the Rise	http://onstartups.com/home/tabid/3339/bid/1215/VC-Valuations-Are-On-The-Rise-Is-Your-Startup-Worth-More.aspx	2	1172085427	-1	omarish	2620
361	Best & Worst Decisions Starting Companies	http://www.startupping.com/2007/02/20/best-and-worst-decisions-part-1/	1	1172085651	-1	wastedbrains	785
370	Choices = Headaches	http://www.joelonsoftware.com/items/2006/11/21.html	6	1172086758	2	Harj	5315
371	Tech IPOs: They're back!	http://money.cnn.com/magazines/business2/business2_archive/2007/03/01/8401021/	1	1172086965	-1	Harj	5315
375	Keep the Faith	http://allensblog.typepad.com/allens_blog/2006/01/keep_the_faith.html	2	1172089719	0	Harj	5315
394	Marketplace Wanted; Web Site for Sale	http://evhead.com/2007/02/marketplace-wanted-web-site-for-sale.asp	2	1172093413	0	johnmartin78	21
335	How to compete with your customers	http://onstartups.com/home/tabid/3339/bid/1096/Startups-How-To-Compete-With-Your-Customers.aspx	4	1172076194	0	vikram	297
336	Klipboardz Blog - Bringing social media to IPTV	http://www.klipboardz.com/klipz/comments/1457	2	1172076527	0	Readmore	1483
337	The Best and Worst Decisions of Founders	http://www.startupping.com/2007/02/20/best-and-worst-decisions-part-1/	6	1172076788	0	noahlt	1798
338	seven habits of highly effective programmers	http://www.technicat.com/writing/programming.html	2	1172077760	0	sharpshoot	2253
339	VC Valuations Are On The Rise	http://onstartups.com/home/tabid/3339/bid/1215/VC-Valuations-Are-On-The-Rise-Is-Your-Startup-Worth-More.aspx	7	1172078246	1	brett	3182
340	" 	
SeekSift Tracks Syndicated Content"	http://www.rev2.org/2006/10/19/seeksift-tracks-syndicated-content/	2	1172078612	1	dpapathanasiou	5218
343	Tech IPOs Are Coming Back	http://money.cnn.com/magazines/business2/business2_archive/2007/03/01/8401021/index.htm	3	1172079860	0	danny	16
345	2007, the year of the tech IPO?	http://gigaom.com/2007/02/21/tech-ipo-2007-candidates/	3	1172080123	0	onebeerdave	61
347	Mozes SMS Service Raises $5m	http://www.techcrunch.com/2007/02/21/mozes-sms-service-raises-5m/	2	1172080308	1	perler	159
349	NHL disables Youtube clip embeds	http://valleywag.com/tech/youtube/nhl-disables-youtube-clip-embeds-238419.php	2	1172080758	0	phyllis	120
350	Second Life headed for currency collapse?	http://valleywag.com/tech/second-life/second-life-headed-for-currency-collapse-238391.php	3	1172080796	0	phyllis	120
352	VC valuations on the rise	http://onstartups.com/home/tabid/3339/bid/1215/VC-Valuations-Are-On-The-Rise-Is-Your-Startup-Worth-More.aspx	3	1172083157	-1	eric	29
354	HOWTO: Build a bulletproof startup	http://money.cnn.com/magazines/business2/startups/index.html	2	1172083763	0	naish	5899
355	What we learned building Slideshare (Scalable Web Architectures (w/ Ruby and Amazon S3))	http://www.slideshare.net/jboutelle/scalable-web-architectures-w-ruby-and-amazon-s3	8	1172083791	0	aditya	7523
356	HOWTO: Form a company (detailed outline of process)	http://www.startupventuretoolbox.com/Process%20of%20Forming%20a%20Company.htm#Stage%204:%20Pullout%20from%20Employer	1	1172084042	1	naish	5899
359	Start Valuations on the Rise	http://onstartups.com/home/tabid/3339/bid/1215/VC-Valuations-Are-On-The-Rise-Is-Your-Startup-Worth-More.aspx	2	1172085427	-1	omarish	2620
361	Best & Worst Decisions Starting Companies	http://www.startupping.com/2007/02/20/best-and-worst-decisions-part-1/	1	1172085651	-1	wastedbrains	785
370	Choices = Headaches	http://www.joelonsoftware.com/items/2006/11/21.html	6	1172086758	2	Harj	5315
371	Tech IPOs: They're back!	http://money.cnn.com/magazines/business2/business2_archive/2007/03/01/8401021/	1	1172086965	-1	Harj	5315
375	Keep the Faith	http://allensblog.typepad.com/allens_blog/2006/01/keep_the_faith.html	2	1172089719	0	Harj	5315
394	Marketplace Wanted; Web Site for Sale	http://evhead.com/2007/02/marketplace-wanted-web-site-for-sale.asp	2	1172093413	0	johnmartin78	21
406	Entrepreneurship Week at Stanford	http://blog.guykawasaki.com/2007/02/entrepreneurshi.html	6	1172096377	0	mattculbreth	2301
414	Mike Volpe: Are startup valuations really rising?	http://mikevolpe.blogspot.com/2007/02/startup-valuations-rising-who-cares.html	3	1172099875	0	farmer	445
415	Possible Major Google Announcement Tomorrow	http://www.techcrunch.com/2007/02/21/possible-major-google-announcement-tomorrow/	2	1172100176	2	onebeerdave	61
417	[PDF] LiveJournal's Backend: A history of scaling	http://danga.com/words/2005_oscon/oscon-2005.pdf	7	1172101241	2	phil	1874
423	Adobe's take on new video editing tools at Photobucket	http://blogs.adobe.com/creativesolutionspr/2007/02/adobe_brings_video_editing_too.html	1	1172102423	1	pg	157234
430	A newspaper chain tries to innovate... looks painful.	http://commonsensej.blogspot.com/2007/02/gannett-video.html	2	1172105465	0	ereldon	213
432	PBWiki Raises $2m	http://www.techcrunch.com/2007/02/21/pbwiki-raises-2m/	4	1172106702	0	onebeerdave	61
361	Best & Worst Decisions Starting Companies	http://www.startupping.com/2007/02/20/best-and-worst-decisions-part-1/	1	1172085651	-1	wastedbrains	785
370	Choices = Headaches	http://www.joelonsoftware.com/items/2006/11/21.html	6	1172086758	2	Harj	5315
371	Tech IPOs: They're back!	http://money.cnn.com/magazines/business2/business2_archive/2007/03/01/8401021/	1	1172086965	-1	Harj	5315
375	Keep the Faith	http://allensblog.typepad.com/allens_blog/2006/01/keep_the_faith.html	2	1172089719	0	Harj	5315
394	Marketplace Wanted; Web Site for Sale	http://evhead.com/2007/02/marketplace-wanted-web-site-for-sale.asp	2	1172093413	0	johnmartin78	21
406	Entrepreneurship Week at Stanford	http://blog.guykawasaki.com/2007/02/entrepreneurshi.html	6	1172096377	0	mattculbreth	2301
414	Mike Volpe: Are startup valuations really rising?	http://mikevolpe.blogspot.com/2007/02/startup-valuations-rising-who-cares.html	3	1172099875	0	farmer	445
415	Possible Major Google Announcement Tomorrow	http://www.techcrunch.com/2007/02/21/possible-major-google-announcement-tomorrow/	2	1172100176	2	onebeerdave	61
417	[PDF] LiveJournal's Backend: A history of scaling	http://danga.com/words/2005_oscon/oscon-2005.pdf	7	1172101241	2	phil	1874
423	Adobe's take on new video editing tools at Photobucket	http://blogs.adobe.com/creativesolutionspr/2007/02/adobe_brings_video_editing_too.html	1	1172102423	1	pg	157234
430	A newspaper chain tries to innovate... looks painful.	http://commonsensej.blogspot.com/2007/02/gannett-video.html	2	1172105465	0	ereldon	213
432	PBWiki Raises $2m	http://www.techcrunch.com/2007/02/21/pbwiki-raises-2m/	4	1172106702	0	onebeerdave	61
436	Google PowerPoint Clone Coming	http://www.techcrunch.com/2007/02/04/google-powerpoint-clone-coming/	12	1172108231	2	andres	1546
445	Applications open for summer 2007 YC funding	http://ycombinator.com/summer07.html	32	1172112890	55	pg	157234
447	MoMB | The Museum of Modern Betas	http://momb.socio-kybernetics.net/	6	1172113562	0	joe	175
448	Want to beta Apollo, Adobe's next-gen framework?	http://ajaxian.com/archives/adobe-asks-ajaxians-to-beta-test-apollo	3	1172113697	1	drusenko	5854
451	IPO fever returns?	http://valleywag.com/tech/web-2.0/ipo-fever-returns-rationally-238544.php	2	1172116820	0	drusenko	5854
454	My little startup: a discussion group for every city in the world	http://www.perthonline.net/geochat/	2	1172119166	1	lupin_sansei	1247
459	Designing web forms: efficient label placement	http://wufoo.com/blog/2006/10/09/label-placement-above-is-faster-than-side/	2	1172122403	0	rwalker	1559
460	Top 7 indicators of consumer internet success (Startup Review)	http://www.startup-review.com/blog/top-7-indicators-of-consumer-internet-success.php	3	1172122495	1	manuel	17
394	Marketplace Wanted; Web Site for Sale	http://evhead.com/2007/02/marketplace-wanted-web-site-for-sale.asp	2	1172093413	0	johnmartin78	21
406	Entrepreneurship Week at Stanford	http://blog.guykawasaki.com/2007/02/entrepreneurshi.html	6	1172096377	0	mattculbreth	2301
414	Mike Volpe: Are startup valuations really rising?	http://mikevolpe.blogspot.com/2007/02/startup-valuations-rising-who-cares.html	3	1172099875	0	farmer	445
415	Possible Major Google Announcement Tomorrow	http://www.techcrunch.com/2007/02/21/possible-major-google-announcement-tomorrow/	2	1172100176	2	onebeerdave	61
417	[PDF] LiveJournal's Backend: A history of scaling	http://danga.com/words/2005_oscon/oscon-2005.pdf	7	1172101241	2	phil	1874
423	Adobe's take on new video editing tools at Photobucket	http://blogs.adobe.com/creativesolutionspr/2007/02/adobe_brings_video_editing_too.html	1	1172102423	1	pg	157234
430	A newspaper chain tries to innovate... looks painful.	http://commonsensej.blogspot.com/2007/02/gannett-video.html	2	1172105465	0	ereldon	213
432	PBWiki Raises $2m	http://www.techcrunch.com/2007/02/21/pbwiki-raises-2m/	4	1172106702	0	onebeerdave	61
436	Google PowerPoint Clone Coming	http://www.techcrunch.com/2007/02/04/google-powerpoint-clone-coming/	12	1172108231	2	andres	1546
445	Applications open for summer 2007 YC funding	http://ycombinator.com/summer07.html	32	1172112890	55	pg	157234
447	MoMB | The Museum of Modern Betas	http://momb.socio-kybernetics.net/	6	1172113562	0	joe	175
448	Want to beta Apollo, Adobe's next-gen framework?	http://ajaxian.com/archives/adobe-asks-ajaxians-to-beta-test-apollo	3	1172113697	1	drusenko	5854
451	IPO fever returns?	http://valleywag.com/tech/web-2.0/ipo-fever-returns-rationally-238544.php	2	1172116820	0	drusenko	5854
454	My little startup: a discussion group for every city in the world	http://www.perthonline.net/geochat/	2	1172119166	1	lupin_sansei	1247
459	Designing web forms: efficient label placement	http://wufoo.com/blog/2006/10/09/label-placement-above-is-faster-than-side/	2	1172122403	0	rwalker	1559
460	Top 7 indicators of consumer internet success (Startup Review)	http://www.startup-review.com/blog/top-7-indicators-of-consumer-internet-success.php	3	1172122495	1	manuel	17
465	Hackers - Heroes of the Computer Revolution (book)	http://www.stevenlevy.com/index.php/other-books/hackers	3	1172124294	0	herdrick	2695
466	Criteria for Web 2.0 Investment	http://www.venturebeat.com/contributors/2007/01/12/we%e2%80%99re-still-looking-to-invest-in-web-20/	2	1172125653	0	chris	63
472	startup review of HOTorNOT	http://www.startup-review.com/blog/hotornotcom-case-study-mixing-free-and-premium-services.php	3	1172130605	0	jeff	3
475	Google Apps Premier	http://www.techcrunch.com/2007/02/21/google-launches-apps-premier/	11	1172134122	2	phil	1874
406	Entrepreneurship Week at Stanford	http://blog.guykawasaki.com/2007/02/entrepreneurshi.html	6	1172096377	0	mattculbreth	2301
414	Mike Volpe: Are startup valuations really rising?	http://mikevolpe.blogspot.com/2007/02/startup-valuations-rising-who-cares.html	3	1172099875	0	farmer	445
415	Possible Major Google Announcement Tomorrow	http://www.techcrunch.com/2007/02/21/possible-major-google-announcement-tomorrow/	2	1172100176	2	onebeerdave	61
417	[PDF] LiveJournal's Backend: A history of scaling	http://danga.com/words/2005_oscon/oscon-2005.pdf	7	1172101241	2	phil	1874
423	Adobe's take on new video editing tools at Photobucket	http://blogs.adobe.com/creativesolutionspr/2007/02/adobe_brings_video_editing_too.html	1	1172102423	1	pg	157234
430	A newspaper chain tries to innovate... looks painful.	http://commonsensej.blogspot.com/2007/02/gannett-video.html	2	1172105465	0	ereldon	213
432	PBWiki Raises $2m	http://www.techcrunch.com/2007/02/21/pbwiki-raises-2m/	4	1172106702	0	onebeerdave	61
436	Google PowerPoint Clone Coming	http://www.techcrunch.com/2007/02/04/google-powerpoint-clone-coming/	12	1172108231	2	andres	1546
445	Applications open for summer 2007 YC funding	http://ycombinator.com/summer07.html	32	1172112890	55	pg	157234
447	MoMB | The Museum of Modern Betas	http://momb.socio-kybernetics.net/	6	1172113562	0	joe	175
448	Want to beta Apollo, Adobe's next-gen framework?	http://ajaxian.com/archives/adobe-asks-ajaxians-to-beta-test-apollo	3	1172113697	1	drusenko	5854
451	IPO fever returns?	http://valleywag.com/tech/web-2.0/ipo-fever-returns-rationally-238544.php	2	1172116820	0	drusenko	5854
454	My little startup: a discussion group for every city in the world	http://www.perthonline.net/geochat/	2	1172119166	1	lupin_sansei	1247
459	Designing web forms: efficient label placement	http://wufoo.com/blog/2006/10/09/label-placement-above-is-faster-than-side/	2	1172122403	0	rwalker	1559
460	Top 7 indicators of consumer internet success (Startup Review)	http://www.startup-review.com/blog/top-7-indicators-of-consumer-internet-success.php	3	1172122495	1	manuel	17
465	Hackers - Heroes of the Computer Revolution (book)	http://www.stevenlevy.com/index.php/other-books/hackers	3	1172124294	0	herdrick	2695
466	Criteria for Web 2.0 Investment	http://www.venturebeat.com/contributors/2007/01/12/we%e2%80%99re-still-looking-to-invest-in-web-20/	2	1172125653	0	chris	63
472	startup review of HOTorNOT	http://www.startup-review.com/blog/hotornotcom-case-study-mixing-free-and-premium-services.php	3	1172130605	0	jeff	3
475	Google Apps Premier	http://www.techcrunch.com/2007/02/21/google-launches-apps-premier/	11	1172134122	2	phil	1874
482	Archive at Trizoko - some pretty interesting startup articles	http://www.trizle.com/blueprint/	2	1172145844	0	sharpshoot	2253
490	Even Billboards Are Dynamic...Why Is Your Website Set In Stone?	http://www.smallbusinesshub.com/blog/tabid/6307/bid/1217/Even-Billboards-Are-Dynamic-Why-Is-Your-Website-Set-In-Stone.aspx	4	1172158383	0	bhalligan	11
495	Notes from Del.icio.us founder Joshua Schachter	http://simon.incutio.com/notes/2006/summit/schachter.txt	61	1172162970	14	wbornor	90
496	Easiest and Most Intuitive Feed Reader, Feednut.com	http://feednut.com/	2	1172163094	0	wbornor	90
